,Voting,RandomForest,AdaBoost
Precision,0.5786516853932584,0.5649717514124294,0.567741935483871
Recall,0.6204819277108434,0.6024096385542169,0.5301204819277109
Auc_Score,0.8175916099631687,0.8248017978650353,0.8174563539130616
Accuracy,0.8147651006711409,0.8080536912751678,0.8053691275167785
F_Measure,0.5988372093023255,0.5830903790087464,0.5482866043613708
GMean,0.5992018968811242,0.5833904597794727,0.548608811858943
