,Voting,RandomForest,AdaBoost
Precision,0.2682926829268293,0.4,0.2222222222222222
Recall,0.4074074074074074,0.37037037037037035,0.2222222222222222
Auc_Score,0.7344784397924493,0.7208803005904455,0.7382358203614242
Accuracy,0.8034188034188035,0.8632478632478633,0.8205128205128205
F_Measure,0.3235294117647059,0.3846153846153846,0.2222222222222222
GMean,0.3306121993780585,0.3849001794597505,0.2222222222222222
