,Voting,RandomForest,AdaBoost
Precision,0.34554973821989526,0.37410071942446044,0.4274193548387097
Recall,0.35106382978723405,0.2765957446808511,0.28191489361702127
Auc_Score,0.6982666557134642,0.6798139324735069,0.7151277417234864
Accuracy,0.7440414507772021,0.7689119170984456,0.7865284974093264
F_Measure,0.3482849604221636,0.3180428134556575,0.3397435897435897
GMean,0.3482958720419359,0.3216747846425808,0.34712516755373807
