,Voting,RandomForest,AdaBoost
Precision,0.23076923076923078,0.25,0.25
Recall,0.6,0.6,0.6
Auc_Score,0.8305084745762712,0.7949152542372883,0.7694915254237289
Accuracy,0.8125,0.828125,0.828125
F_Measure,0.33333333333333337,0.35294117647058826,0.35294117647058826
GMean,0.3721042037676254,0.3872983346207417,0.3872983346207417
