,Voting,RandomForest,AdaBoost
Precision,0.5,0.5,0.5
Recall,0.75,0.75,0.75
Auc_Score,0.8804347826086957,0.8315217391304348,0.7282608695652175
Accuracy,0.8518518518518519,0.8518518518518519,0.8518518518518519
F_Measure,0.6,0.6,0.6
GMean,0.6123724356957945,0.6123724356957945,0.6123724356957945
