,Voting,RandomForest,AdaBoost
Precision,0.35714285714285715,0.4411764705882353,0.48484848484848486
Recall,0.5,0.375,0.4
Auc_Score,0.7977564102564102,0.7504407051282052,0.8165064102564102
Accuracy,0.8409090909090909,0.875,0.8835227272727273
F_Measure,0.41666666666666663,0.4054054054054054,0.4383561643835617
GMean,0.4225771273642583,0.40674460840998033,0.4403855060505443
