,Voting,RandomForest,AdaBoost
Precision,0.09615384615384616,0.12162162162162163,0.11267605633802817
Recall,0.45454545454545453,0.8181818181818182,0.7272727272727273
Auc_Score,0.8371763371763372,0.815913815913816,0.706955206955207
Accuracy,0.8922764227642277,0.8638211382113821,0.8658536585365854
F_Measure,0.15873015873015872,0.21176470588235297,0.19512195121951223
GMean,0.2090605025017727,0.31544983675475174,0.2862625067858053
