,Voting,RandomForest,AdaBoost
Precision,0.42857142857142855,0.42857142857142855,0.42857142857142855
Recall,0.5,0.5,0.5
Auc_Score,0.7698412698412698,0.8134920634920635,0.8015873015873016
Accuracy,0.7407407407407407,0.7407407407407407,0.7407407407407407
F_Measure,0.4615384615384615,0.4615384615384615,0.4615384615384615
GMean,0.4629100498862757,0.4629100498862757,0.4629100498862757
