,Voting,RandomForest,AdaBoost
Precision,0.9621212121212122,0.935672514619883,0.9318181818181818
Recall,0.671957671957672,0.8465608465608465,0.8677248677248677
Auc_Score,0.7156084656084656,0.6585648148148148,0.6111111111111112
Accuracy,0.6731707317073171,0.8048780487804879,0.8195121951219512
F_Measure,0.7912772585669783,0.8888888888888888,0.8986301369863012
GMean,0.8040551783541122,0.8900020876831268,0.8992006497783509
