,Voting,RandomForest,AdaBoost
Precision,0.8333333333333334,0.7740112994350282,0.7761904761904762
Recall,0.6403940886699507,0.6748768472906403,0.8029556650246306
Auc_Score,0.7743698536550285,0.7589982381072238,0.8037467189241666
Accuracy,0.7088235294117647,0.6882352941176471,0.7441176470588236
F_Measure,0.7242339832869081,0.7210526315789472,0.7893462469733656
GMean,0.7305215537944738,0.7227463632077602,0.7894596506442293
