,Voting,RandomForest,AdaBoost
Precision,0.6666666666666666,0.7,0.875
Recall,0.8,0.7,0.7
Auc_Score,0.9117647058823529,0.8470588235294118,0.8676470588235293
Accuracy,0.7777777777777778,0.7777777777777778,0.8518518518518519
F_Measure,0.7272727272727272,0.7,0.7777777777777777
GMean,0.7302967433402214,0.7,0.7826237921249264
