,Voting,RandomForest,AdaBoost
Precision,0.8461538461538461,0.8571428571428571,1.0
Recall,0.7333333333333333,0.8,0.8
Auc_Score,0.9111111111111112,0.9148148148148147,0.9574074074074075
Accuracy,0.8181818181818182,0.8484848484848485,0.9090909090909091
F_Measure,0.7857142857142856,0.8275862068965518,0.888888888888889
GMean,0.7877263614433762,0.828078671210825,0.8944271909999159
