,Voting,RandomForest,AdaBoost
Precision,0.8632075471698113,0.8418803418803419,0.8217054263565892
Recall,0.7379032258064516,0.7943548387096774,0.8548387096774194
Auc_Score,0.8486284436072522,0.8615934777489992,0.8815634565575701
Accuracy,0.7558441558441559,0.7714285714285715,0.787012987012987
F_Measure,0.7956521739130435,0.8174273858921162,0.8379446640316206
GMean,0.7981000147832843,0.8177724152765286,0.8381083500369152
