,Voting,RandomForest,AdaBoost
Precision,0.2807017543859649,0.2826086956521739,0.3058823529411765
Recall,0.48484848484848486,0.3939393939393939,0.3939393939393939
Auc_Score,0.7346571778389961,0.6824048566472809,0.7044816855422916
Accuracy,0.8242424242424242,0.8393939393939394,0.85
F_Measure,0.3555555555555555,0.3291139240506329,0.3443708609271523
GMean,0.36891438072857313,0.3336625515205745,0.3471298153924593
