,Voting,RandomForest,AdaBoost
Precision,0.37142857142857144,0.28888888888888886,0.2727272727272727
Recall,0.48148148148148145,0.48148148148148145,0.4444444444444444
Auc_Score,0.7695749440715883,0.705567984091474,0.6736266467810091
Accuracy,0.7954545454545454,0.7386363636363636,0.7329545454545454
F_Measure,0.41935483870967744,0.36111111111111105,0.3380281690140845
GMean,0.422890031611031,0.37295395185701047,0.34815531191139565
