,Voting,RandomForest,AdaBoost
Precision,0.5,0.5555555555555556,0.5454545454545454
Recall,0.6666666666666666,0.5555555555555556,0.6666666666666666
Auc_Score,0.8796296296296297,0.8348765432098766,0.8734567901234569
Accuracy,0.8,0.8222222222222222,0.8222222222222222
F_Measure,0.5714285714285715,0.5555555555555556,0.6
GMean,0.5773502691896257,0.5555555555555556,0.6030226891555273
