,Voting,RandomForest,AdaBoost
Precision,0.3333333333333333,0.45454545454545453,0.36363636363636365
Recall,0.5555555555555556,0.5555555555555556,0.4444444444444444
Auc_Score,0.7345679012345678,0.7330246913580247,0.6790123456790123
Accuracy,0.6888888888888889,0.7777777777777778,0.7333333333333333
F_Measure,0.4166666666666667,0.5,0.39999999999999997
GMean,0.4303314829119352,0.502518907629606,0.40201512610368484
