,Voting,RandomForest,AdaBoost
Precision,0.7857142857142857,0.7857142857142857,0.7692307692307693
Recall,0.9166666666666666,0.9166666666666666,0.8333333333333334
Auc_Score,0.875,0.8593749999999999,0.9010416666666667
Accuracy,0.8,0.8,0.75
F_Measure,0.8461538461538461,0.8461538461538461,0.8
GMean,0.8486684247915055,0.8486684247915055,0.8006407690254357
