,Voting,RandomForest,AdaBoost
Precision,0.6547619047619048,0.589041095890411,0.6385542168674698
Recall,0.6395348837209303,0.5,0.6162790697674418
Auc_Score,0.8064295485636115,0.7808481532147742,0.7860123119015049
Accuracy,0.765625,0.71484375,0.75390625
F_Measure,0.6470588235294118,0.5408805031446541,0.6272189349112426
GMean,0.6471036073356411,0.5426974736860358,0.627317781325511
