,Voting,RandomForest,AdaBoost
Precision,0.375,0.13636363636363635,0.15789473684210525
Recall,0.3333333333333333,0.3333333333333333,0.3333333333333333
Auc_Score,0.6944444444444444,0.5347222222222222,0.5873015873015872
Accuracy,0.8307692307692308,0.6153846153846154,0.6615384615384615
F_Measure,0.35294117647058826,0.1935483870967742,0.21428571428571427
GMean,0.3535533905932738,0.21320071635561041,0.22941573387056177
