,Voting,RandomForest,AdaBoost
Precision,0.7272727272727273,0.6428571428571429,0.6428571428571429
Recall,0.5714285714285714,0.6428571428571429,0.6428571428571429
Auc_Score,0.7857142857142857,0.7077922077922078,0.7207792207792207
Accuracy,0.64,0.6,0.6
F_Measure,0.64,0.6428571428571429,0.6428571428571429
GMean,0.6446583712203042,0.6428571428571429,0.6428571428571429
