,Voting,RandomForest,AdaBoost
Precision,0.7272727272727273,0.6428571428571429,0.5454545454545454
Recall,0.6153846153846154,0.6923076923076923,0.46153846153846156
Auc_Score,0.870026525198939,0.8156498673740052,0.8262599469496021
Accuracy,0.8095238095238095,0.7857142857142857,0.7142857142857143
F_Measure,0.6666666666666667,0.6666666666666666,0.4999999999999999
GMean,0.6689936080056726,0.667124384994991,0.5017452060042544
