,Voting,RandomForest,AdaBoost
Precision,0.3181818181818182,0.3,0.23232323232323232
Recall,0.5454545454545454,0.38961038961038963,0.2987012987012987
Auc_Score,0.8135091540981425,0.7654937891813692,0.7601476628365232
Accuracy,0.8543123543123543,0.8636363636363636,0.8484848484848485
F_Measure,0.4019138755980861,0.33898305084745767,0.26136363636363635
GMean,0.41659779045053086,0.34188172937891387,0.2634297842185523
