,Voting,RandomForest,AdaBoost
Precision,0.6721311475409836,0.5609756097560976,0.5789473684210527
Recall,0.5256410256410257,0.5897435897435898,0.5641025641025641
Auc_Score,0.7668534555951774,0.7691883172015622,0.7717778909831889
Accuracy,0.7510917030567685,0.7030567685589519,0.7117903930131004
F_Measure,0.5899280575539568,0.575,0.5714285714285715
GMean,0.5943901965533434,0.5751797717724086,0.5714767668127443
