,Voting,RandomForest,AdaBoost
Precision,0.4666666666666667,0.5294117647058824,0.45
Recall,0.35,0.45,0.45
Auc_Score,0.4789473684210527,0.5157894736842106,0.4421052631578948
Accuracy,0.46153846153846156,0.5128205128205128,0.4358974358974359
F_Measure,0.4,0.48648648648648646,0.45
GMean,0.40414518843273806,0.4880935300919764,0.45
