,Voting,RandomForest,AdaBoost
Precision,0.9230769230769231,0.9090909090909091,0.9166666666666666
Recall,1.0,0.8333333333333334,0.9166666666666666
Auc_Score,0.9305555555555556,0.8472222222222223,0.8402777777777779
Accuracy,0.9444444444444444,0.8333333333333334,0.8888888888888888
F_Measure,0.9600000000000001,0.8695652173913043,0.9166666666666666
GMean,0.9607689228305228,0.8703882797784892,0.9166666666666666
