,Voting,RandomForest,AdaBoost
Precision,0.996547756041427,0.9966024915062288,0.9966101694915255
Recall,0.9643652561247216,0.9799554565701559,0.9821826280623608
Auc_Score,0.9429540392792064,0.8490078963352906,0.8036039684146589
Accuracy,0.9614961496149615,0.976897689768977,0.9790979097909791
F_Measure,0.980192416525184,0.9882088714205504,0.9893438025799214
GMean,0.980324452411245,0.9882439221077666,0.989370100328922
