,Voting,RandomForest,AdaBoost
Precision,0.9242819843342036,0.950354609929078,0.9437939110070258
Recall,0.8100686498855835,0.919908466819222,0.9221967963386728
Auc_Score,0.90895176322609,0.9281373603891676,0.896540227620592
Accuracy,0.8095238095238095,0.9047619047619048,0.9013605442176871
F_Measure,0.8634146341463415,0.9348837209302325,0.9328703703703705
GMean,0.8652929325743833,0.9350076214418993,0.932932859928637
