,Voting,RandomForest,AdaBoost
Precision,0.9090909090909091,0.7857142857142857,0.7857142857142857
Recall,0.7692307692307693,0.8461538461538461,0.8461538461538461
Auc_Score,0.8846153846153846,0.8894230769230769,0.9038461538461539
Accuracy,0.8620689655172413,0.8275862068965517,0.8275862068965517
F_Measure,0.8333333333333333,0.8148148148148148,0.8148148148148148
GMean,0.8362420100070908,0.8153742483272113,0.8153742483272113
