,Voting,RandomForest,AdaBoost
Precision,0.6545454545454545,0.6071428571428571,0.6044776119402985
Recall,0.43373493975903615,0.40963855421686746,0.4879518072289157
Auc_Score,0.8159685373618828,0.8062509103772604,0.8144182949414238
Accuracy,0.8228187919463087,0.8093959731543624,0.8147651006711409
F_Measure,0.5217391304347826,0.4892086330935252,0.5399999999999999
GMean,0.5328219527166872,0.4987074515215289,0.5430984654514205
