,Voting,RandomForest,AdaBoost
Precision,0.25,0.375,0.34615384615384615
Recall,0.14814814814814814,0.2222222222222222,0.3333333333333333
Auc_Score,0.7283950617283951,0.7341205940239757,0.7836822329575952
Accuracy,0.8504273504273504,0.8675213675213675,0.8504273504273504
F_Measure,0.18604651162790697,0.27906976744186046,0.33962264150943394
GMean,0.19245008972987526,0.28867513459481287,0.3396831102433787
