,Voting,RandomForest,AdaBoost
Precision,0.5660377358490566,0.41379310344827586,0.39805825242718446
Recall,0.1595744680851064,0.19148936170212766,0.21808510638297873
Auc_Score,0.7037158739286399,0.6704968646458009,0.7170582436539883
Accuracy,0.8124352331606217,0.7896373056994819,0.783419689119171
F_Measure,0.24896265560165975,0.2618181818181818,0.281786941580756
GMean,0.3005414623878229,0.281490634402022,0.29463634590322546
