,Voting,RandomForest,AdaBoost
Precision,0.42857142857142855,0.5,0.3333333333333333
Recall,0.6,0.2,0.2
Auc_Score,0.8508474576271186,0.9,0.8
Accuracy,0.90625,0.921875,0.90625
F_Measure,0.5,0.28571428571428575,0.25
GMean,0.50709255283711,0.31622776601683794,0.2581988897471611
