,Voting,RandomForest,AdaBoost
Precision,1.0,1.0,1.0
Recall,0.75,0.5,0.75
Auc_Score,0.9021739130434783,0.8369565217391305,0.75
Accuracy,0.9629629629629629,0.9259259259259259,0.9629629629629629
F_Measure,0.8571428571428571,0.6666666666666666,0.8571428571428571
GMean,0.8660254037844386,0.7071067811865476,0.8660254037844386
