,Voting,RandomForest,AdaBoost
Precision,0.4782608695652174,0.4666666666666667,0.4782608695652174
Recall,0.275,0.175,0.275
Auc_Score,0.7745993589743589,0.7520032051282051,0.8055689102564103
Accuracy,0.8835227272727273,0.8835227272727273,0.8835227272727273
F_Measure,0.34920634920634924,0.2545454545454546,0.34920634920634924
GMean,0.36265926036768287,0.2857738033247041,0.36265926036768287
