,Voting,RandomForest,AdaBoost
Precision,0.75,0.4,0.3333333333333333
Recall,0.2727272727272727,0.18181818181818182,0.18181818181818182
Auc_Score,0.8237573237573238,0.7759402759402759,0.8333018333018333
Accuracy,0.9817073170731707,0.975609756097561,0.9735772357723578
F_Measure,0.39999999999999997,0.25000000000000006,0.23529411764705885
GMean,0.45226701686664544,0.26967994498529685,0.24618298195866548
