,Voting,RandomForest,AdaBoost
Precision,0.75,0.5,0.5
Recall,0.5,0.3333333333333333,0.3333333333333333
Auc_Score,0.8492063492063493,0.9007936507936508,0.738095238095238
Accuracy,0.8518518518518519,0.7777777777777778,0.7777777777777778
F_Measure,0.6,0.4,0.4
GMean,0.6123724356957945,0.408248290463863,0.408248290463863
