,Voting,RandomForest,AdaBoost
Precision,0.927461139896373,0.92,0.9187817258883249
Recall,0.9470899470899471,0.9735449735449735,0.9576719576719577
Auc_Score,0.6967592592592592,0.6742724867724867,0.6402116402116403
Accuracy,0.8829268292682927,0.8975609756097561,0.8829268292682927
F_Measure,0.9371727748691099,0.9460154241645244,0.9378238341968912
GMean,0.9372241577725352,0.946393879767497,0.9380253163452956
