,Voting,RandomForest,AdaBoost
Precision,0.7682926829268293,0.7475247524752475,0.7761904761904762
Recall,0.6206896551724138,0.7438423645320197,0.8029556650246306
Auc_Score,0.7426557836827155,0.7730214663262738,0.8074502894538134
Accuracy,0.6617647058823529,0.6970588235294117,0.7441176470588236
F_Measure,0.6866485013623977,0.7456790123456789,0.7893462469733656
GMean,0.6905587016592741,0.7456812854211917,0.7894596506442293
