,Voting,RandomForest,AdaBoost
Precision,0.6666666666666666,0.875,1.0
Recall,0.6,0.7,0.6
Auc_Score,0.888235294117647,0.8852941176470588,0.8588235294117648
Accuracy,0.7407407407407407,0.8518518518518519,0.8518518518518519
F_Measure,0.631578947368421,0.7777777777777777,0.7499999999999999
GMean,0.6324555320336759,0.7826237921249264,0.7745966692414834
