,Voting,RandomForest,AdaBoost
Precision,0.5,0.7142857142857143,0.6666666666666666
Recall,0.3,0.5,0.6
Auc_Score,0.5538461538461539,0.5794871794871795,0.5871794871794873
Accuracy,0.7959183673469388,0.8571428571428571,0.8571428571428571
F_Measure,0.37499999999999994,0.588235294117647,0.631578947368421
GMean,0.3872983346207417,0.5976143046671968,0.6324555320336759
