,Voting,RandomForest,AdaBoost
Precision,0.9090909090909091,1.0,1.0
Recall,0.6666666666666666,0.7333333333333333,0.7333333333333333
Auc_Score,0.9111111111111111,0.95,0.9981481481481481
Accuracy,0.8181818181818182,0.8787878787878788,0.8787878787878788
F_Measure,0.7692307692307692,0.846153846153846,0.846153846153846
GMean,0.7784989441615229,0.8563488385776752,0.8563488385776752
