,Voting,RandomForest,AdaBoost
Precision,0.8410041841004184,0.8589211618257261,0.8372093023255814
Recall,0.8104838709677419,0.8346774193548387,0.8709677419354839
Auc_Score,0.8345596891923711,0.8874646809512596,0.8840357899693901
Accuracy,0.7792207792207793,0.8051948051948052,0.8077922077922078
F_Measure,0.8254620123203286,0.8466257668711658,0.8537549407114624
GMean,0.8256030078856148,0.8467125242855198,0.8539217151319514
