,Voting,RandomForest,AdaBoost
Precision,0.3793103448275862,0.35185185185185186,0.373134328358209
Recall,0.16666666666666666,0.2878787878787879,0.3787878787878788
Auc_Score,0.744758187940006,0.7088817467605346,0.7002984389348026
Accuracy,0.8893939393939394,0.8757575757575757,0.8742424242424243
F_Measure,0.23157894736842105,0.3166666666666667,0.3759398496240601
GMean,0.25143267648537193,0.31826197483208385,0.3759504764483559
