,Voting,RandomForest,AdaBoost
Precision,0.6842105263157895,0.7142857142857143,0.6923076923076923
Recall,0.48148148148148145,0.37037037037037035,0.3333333333333333
Auc_Score,0.768083519761372,0.7443450161570967,0.6584638329604773
Accuracy,0.8863636363636364,0.8806818181818182,0.875
F_Measure,0.5652173913043478,0.4878048780487805,0.45
GMean,0.5739640213948523,0.5143444998736397,0.48038446141526137
