,Voting,RandomForest,AdaBoost
Precision,0.625,0.5,0.5
Recall,0.5555555555555556,0.2222222222222222,0.3333333333333333
Auc_Score,0.8950617283950617,0.7222222222222221,0.8811728395061729
Accuracy,0.8444444444444444,0.8,0.8
F_Measure,0.5882352941176471,0.30769230769230765,0.4
GMean,0.5892556509887896,0.3333333333333333,0.408248290463863
