,Voting,RandomForest,AdaBoost
Precision,0.14285714285714285,0.0,0.3333333333333333
Recall,0.1111111111111111,0.0,0.2222222222222222
Auc_Score,0.7376543209876544,0.7669753086419753,0.6682098765432098
Accuracy,0.6888888888888889,0.7111111111111111,0.7555555555555555
F_Measure,0.125,,0.26666666666666666
GMean,0.12598815766974242,0.0,0.2721655269759087
