,Voting,RandomForest,AdaBoost
Precision,0.6470588235294118,0.8461538461538461,0.8461538461538461
Recall,0.9166666666666666,0.9166666666666666,0.9166666666666666
Auc_Score,0.8541666666666666,0.828125,0.8854166666666666
Accuracy,0.65,0.85,0.85
F_Measure,0.7586206896551724,0.8799999999999999,0.8799999999999999
GMean,0.7701540462154054,0.8807048459279792,0.8807048459279792
