,Voting,RandomForest,AdaBoost
Precision,0.6285714285714286,0.6716417910447762,0.6410256410256411
Recall,0.5116279069767442,0.5232558139534884,0.5813953488372093
Auc_Score,0.7904240766073871,0.7957934336525307,0.7924760601915184
Accuracy,0.734375,0.75390625,0.75
F_Measure,0.5641025641025641,0.5882352941176472,0.6097560975609757
GMean,0.5670931884491138,0.5928241493548598,0.6104828631318805
