,Voting,RandomForest,AdaBoost
Precision,0.6666666666666666,0.7272727272727273,0.6666666666666666
Recall,0.5714285714285714,0.5714285714285714,0.7142857142857143
Auc_Score,0.7792207792207793,0.6623376623376623,0.6948051948051948
Accuracy,0.6,0.64,0.64
F_Measure,0.6153846153846153,0.64,0.689655172413793
GMean,0.6172133998483676,0.6446583712203042,0.6900655593423543
