,Voting,RandomForest,AdaBoost
Precision,0.875,0.6666666666666666,0.6
Recall,0.5384615384615384,0.46153846153846156,0.46153846153846156
Auc_Score,0.8912466843501327,0.830238726790451,0.7891246684350133
Accuracy,0.8333333333333334,0.7619047619047619,0.7380952380952381
F_Measure,0.6666666666666667,0.5454545454545455,0.5217391304347826
GMean,0.6864064729836441,0.5547001962252291,0.5262348115842176
