,Voting,RandomForest,AdaBoost
Precision,0.45454545454545453,0.5769230769230769,0.4318181818181818
Recall,0.2597402597402597,0.19480519480519481,0.24675324675324675
Auc_Score,0.8069740758601194,0.7473186224786738,0.7631408284417247
Accuracy,0.9055944055944056,0.914918414918415,0.9032634032634033
F_Measure,0.3305785123966942,0.29126213592233013,0.3140495867768595
GMean,0.34360406637202473,0.33524261720075565,0.3264238630534235
