,Voting,RandomForest,AdaBoost
Precision,0.6756756756756757,0.5625,0.5512820512820513
Recall,0.32051282051282054,0.46153846153846156,0.5512820512820513
Auc_Score,0.7583630497537782,0.7568772287315333,0.758957378162676
Accuracy,0.7161572052401747,0.6943231441048034,0.6943231441048034
F_Measure,0.4347826086956522,0.5070422535211268,0.5512820512820513
GMean,0.46536299440621254,0.5095246653650681,0.5512820512820513
