,Voting,RandomForest,AdaBoost
Precision,0.4375,0.47368421052631576,0.47368421052631576
Recall,0.35,0.45,0.45
Auc_Score,0.44736842105263164,0.46184210526315794,0.4447368421052632
Accuracy,0.4358974358974359,0.46153846153846156,0.46153846153846156
F_Measure,0.38888888888888884,0.46153846153846156,0.46153846153846156
GMean,0.3913118960624632,0.46169025843831935,0.46169025843831935
