,Voting,RandomForest,AdaBoost
Precision,0.9166666666666666,0.9166666666666666,0.9230769230769231
Recall,0.9166666666666666,0.9166666666666666,1.0
Auc_Score,0.9444444444444444,0.861111111111111,0.8472222222222223
Accuracy,0.8888888888888888,0.8888888888888888,0.9444444444444444
F_Measure,0.9166666666666666,0.9166666666666666,0.9600000000000001
GMean,0.9166666666666666,0.9166666666666666,0.9607689228305228
