,Voting,RandomForest,AdaBoost
Precision,0.9208791208791208,0.9383561643835616,0.9383561643835616
Recall,0.9588100686498856,0.9405034324942791,0.9405034324942791
Auc_Score,0.9086486732235137,0.9172564292966796,0.9069362147089579
Accuracy,0.9081632653061225,0.9098639455782312,0.9098639455782312
F_Measure,0.9394618834080718,0.9394285714285714,0.9394285714285714
GMean,0.9396532196019743,0.9394291849335455,0.9394291849335455
