,Voting,RandomForest,AdaBoost
Precision,0.9090909090909091,0.9090909090909091,0.8461538461538461
Recall,0.7692307692307693,0.7692307692307693,0.8461538461538461
Auc_Score,0.8990384615384616,0.8966346153846154,0.8894230769230771
Accuracy,0.8620689655172413,0.8620689655172413,0.8620689655172413
F_Measure,0.8333333333333333,0.8333333333333333,0.8461538461538461
GMean,0.8362420100070908,0.8362420100070908,0.8461538461538461
